<?xml version="1.0" encoding="UTF-8"?>
<project-private xmlns="http://www.netbeans.org/ns/project-private/1">
    <editor-bookmarks xmlns="http://www.netbeans.org/ns/editor-bookmarks/2" lastBookmarkId="0"/>
    <open-files xmlns="http://www.netbeans.org/ns/projectui-open-files/2">
        <group>
            <file>file:/C:/Users/ADITYA%20N%20SAH/Desktop/Assignment/cms/src/DBConnector/DBCManager.java</file>
            <file>file:/C:/Users/ADITYA%20N%20SAH/Desktop/Assignment/cms/src/Frames/Catalogue.java</file>
            <file>file:/C:/Users/ADITYA%20N%20SAH/Desktop/Assignment/cms/src/Frames/Dashboard.java</file>
            <file>file:/C:/Users/ADITYA%20N%20SAH/Desktop/Assignment/cms/src/Model/Course.java</file>
            <file>file:/C:/Users/ADITYA%20N%20SAH/Desktop/Assignment/cms/src/Frames/NewCourse.java</file>
            <file>file:/C:/Users/ADITYA%20N%20SAH/Desktop/Assignment/cms/src/Frames/Login.java</file>
            <file>file:/C:/Users/ADITYA%20N%20SAH/Desktop/Assignment/cms/src/Frames/Header.java</file>
            <file>file:/C:/Users/ADITYA%20N%20SAH/Desktop/Assignment/cms/src/Frames/NewBook.java</file>
            <file>file:/C:/Users/ADITYA%20N%20SAH/Desktop/Assignment/cms/src/Frames/Const.java</file>
            <file>file:/C:/Users/ADITYA%20N%20SAH/Desktop/Assignment/cms/src/Frames/CourseTemplate.java</file>
            <file>file:/C:/Users/ADITYA%20N%20SAH/Desktop/Assignment/cms/src/Frames/EditCourse.java</file>
        </group>
    </open-files>
</project-private>
